model_key,model,protocol,protocol_name,direction,row_type,genre,is_seen,n,mrr,recall_at_1,recall_at_5,recall_at_10,mean_rank
baseline,Baseline (kein Head),A,pair,V2A,genre,Blues,1,367,0.029054157493201848,0.005449591280653951,0.043596730245231606,0.06267029972752043,1088.149863760218
baseline,Baseline (kein Head),A,pair,V2A,genre,Classical music,0,366,0.08026784352793011,0.030054644808743168,0.11475409836065574,0.19398907103825136,542.4781420765028
baseline,Baseline (kein Head),A,pair,V2A,genre,Country,0,367,0.032589575785364554,0.010899182561307902,0.04087193460490463,0.07084468664850137,906.7547683923706
baseline,Baseline (kein Head),A,pair,V2A,genre,Electronic music,1,367,0.016551733153162097,0.008174386920980926,0.02452316076294278,0.0326975476839237,1396.8392370572208
baseline,Baseline (kein Head),A,pair,V2A,genre,Funk,1,367,0.007972112410208813,0.0027247956403269754,0.005449591280653951,0.008174386920980926,1308.7111716621253
baseline,Baseline (kein Head),A,pair,V2A,genre,Hip hop music,0,367,0.0075383649567522205,0.0,0.013623978201634877,0.013623978201634877,1326.057220708447
baseline,Baseline (kein Head),A,pair,V2A,genre,Jazz,1,367,0.028255019582443853,0.010899182561307902,0.02997275204359673,0.051771117166212535,975.2179836512262
baseline,Baseline (kein Head),A,pair,V2A,genre,Pop music,1,367,0.016817935489468194,0.008174386920980926,0.013623978201634877,0.021798365122615803,1259.700272479564
baseline,Baseline (kein Head),A,pair,V2A,genre,Reggae,1,366,0.0058595760493188615,0.0,0.00819672131147541,0.01366120218579235,1369.5382513661202
baseline,Baseline (kein Head),A,pair,V2A,genre,Rock music,1,367,0.01217272498548373,0.0027247956403269754,0.013623978201634877,0.02452316076294278,1422.0953678474114
baseline,Baseline (kein Head),A,pair,V2A,seen_mean,,,,0.016669037023326772,0.00544959128065395,0.019855273149595752,0.030756582795712643,1260.0360211176978
baseline,Baseline (kein Head),A,pair,V2A,unseen_mean,,,,0.040131928090015624,0.013651275790017023,0.05641667038906509,0.09281924529612919,925.0967103924401
baseline,Baseline (kein Head),A,pair,V2A,overall_mean,,,,0.02370790434333343,0.00791009663346287,0.030823692321436547,0.04937538154583761,1159.5542279001206
baseline,Baseline (kein Head),A,pair,A2V,genre,Blues,1,367,0.025252579266514405,0.010899182561307902,0.02997275204359673,0.051771117166212535,994.4959128065395
baseline,Baseline (kein Head),A,pair,A2V,genre,Classical music,0,366,0.053448897006986996,0.01366120218579235,0.08196721311475409,0.13114754098360656,780.5956284153006
baseline,Baseline (kein Head),A,pair,A2V,genre,Country,0,367,0.025398446436855727,0.010899182561307902,0.027247956403269755,0.043596730245231606,1204.2288828337876
baseline,Baseline (kein Head),A,pair,A2V,genre,Electronic music,1,367,0.010019138110640756,0.0027247956403269754,0.005449591280653951,0.01907356948228883,990.3514986376022
baseline,Baseline (kein Head),A,pair,A2V,genre,Funk,1,367,0.005522546847674128,0.0,0.0027247956403269754,0.008174386920980926,1147.449591280654
baseline,Baseline (kein Head),A,pair,A2V,genre,Hip hop music,0,367,0.004048283745934393,0.0,0.0,0.0027247956403269754,960.9863760217984
baseline,Baseline (kein Head),A,pair,A2V,genre,Jazz,1,367,0.02463062395644253,0.005449591280653951,0.0326975476839237,0.05449591280653951,1066.566757493188
baseline,Baseline (kein Head),A,pair,A2V,genre,Pop music,1,367,0.004787444730363155,0.0,0.0027247956403269754,0.005449591280653951,1144.068119891008
baseline,Baseline (kein Head),A,pair,A2V,genre,Reggae,1,366,0.007577505766995016,0.00273224043715847,0.00546448087431694,0.01092896174863388,1174.6174863387978
baseline,Baseline (kein Head),A,pair,A2V,genre,Rock music,1,367,0.013132810407205727,0.008174386920980926,0.010899182561307902,0.01634877384196185,1360.2942779291552
baseline,Baseline (kein Head),A,pair,A2V,seen_mean,,,,0.012988949869405103,0.0042828852629183175,0.012847592246350454,0.023748901892467356,1125.4062349109922
baseline,Baseline (kein Head),A,pair,A2V,unseen_mean,,,,0.027631875729925707,0.008186794915700084,0.03640505650600795,0.05915635562305505,981.9369624236288
baseline,Baseline (kein Head),A,pair,A2V,overall_mean,,,,0.017381827627561283,0.005454058158752847,0.0199148315242477,0.03437113801164366,1082.365453164783
baseline,Baseline (kein Head),B,label,V2A,genre,Blues,1,367,0.350593217403083,0.1771117166212534,0.5831062670299727,0.784741144414169,7.994550408719346
baseline,Baseline (kein Head),B,label,V2A,genre,Classical music,0,366,0.7671706467946668,0.6530054644808743,0.8961748633879781,0.953551912568306,2.9153005464480874
baseline,Baseline (kein Head),B,label,V2A,genre,Country,0,367,0.4574058945226057,0.2724795640326976,0.7084468664850136,0.8692098092643051,5.664850136239782
baseline,Baseline (kein Head),B,label,V2A,genre,Electronic music,1,367,0.5011620937033743,0.3215258855585831,0.7411444141689373,0.8746594005449592,5.727520435967302
baseline,Baseline (kein Head),B,label,V2A,genre,Funk,1,367,0.22543807297597723,0.07084468664850137,0.3923705722070845,0.6212534059945504,12.141689373297003
baseline,Baseline (kein Head),B,label,V2A,genre,Hip hop music,0,367,0.4695064977737386,0.2970027247956403,0.6920980926430518,0.782016348773842,7.3188010899182565
baseline,Baseline (kein Head),B,label,V2A,genre,Jazz,1,367,0.32510180921557796,0.18256130790190736,0.47956403269754766,0.662125340599455,11.155313351498638
baseline,Baseline (kein Head),B,label,V2A,genre,Pop music,1,367,0.44034301351947885,0.25885558583106266,0.6648501362397821,0.8637602179836512,5.730245231607629
baseline,Baseline (kein Head),B,label,V2A,genre,Reggae,1,366,0.2628139522005569,0.10655737704918032,0.43989071038251365,0.6420765027322405,12.1775956284153
baseline,Baseline (kein Head),B,label,V2A,genre,Rock music,1,367,0.39181697862650944,0.21525885558583105,0.6267029972752044,0.8174386920980926,8.163487738419619
baseline,Baseline (kein Head),B,label,V2A,seen_mean,,,,0.3567527339492225,0.19038791645661704,0.5610898757144346,0.7522935291953026,9.012914595417834
baseline,Baseline (kein Head),B,label,V2A,unseen_mean,,,,0.5646943463636704,0.4074959177697374,0.7655732741720144,0.8682593568688177,5.299650590868708
baseline,Baseline (kein Head),B,label,V2A,overall_mean,,,,0.4191352176735569,0.25552031685055315,0.6224348952517087,0.7870832774973572,7.898935394053096
baseline,Baseline (kein Head),B,label,A2V,genre,Blues,1,367,0.3151953808514587,0.17438692098092642,0.46321525885558584,0.5967302452316077,12.465940054495913
baseline,Baseline (kein Head),B,label,A2V,genre,Classical music,0,366,0.5260400037520259,0.3825136612021858,0.7076502732240437,0.8579234972677595,6.907103825136612
baseline,Baseline (kein Head),B,label,A2V,genre,Country,0,367,0.31869960169426953,0.19346049046321526,0.45231607629427795,0.5912806539509536,42.46049046321526
baseline,Baseline (kein Head),B,label,A2V,genre,Electronic music,1,367,0.7300698081272148,0.6185286103542235,0.8746594005449592,0.9264305177111717,4.016348773841962
baseline,Baseline (kein Head),B,label,A2V,genre,Funk,1,367,0.2880244532725163,0.035422343324250684,0.6512261580381471,0.7983651226158038,6.722070844686648
baseline,Baseline (kein Head),B,label,A2V,genre,Hip hop music,0,367,0.35366746781178826,0.1335149863760218,0.7193460490463215,0.8501362397820164,6.694822888283379
baseline,Baseline (kein Head),B,label,A2V,genre,Jazz,1,367,0.2806403091094811,0.16893732970027248,0.3569482288828338,0.5068119891008175,16.408719346049047
baseline,Baseline (kein Head),B,label,A2V,genre,Pop music,1,367,0.2097011471098674,0.07901907356948229,0.3242506811989101,0.5776566757493188,13.141689373297003
baseline,Baseline (kein Head),B,label,A2V,genre,Reggae,1,366,0.2795154709152855,0.13934426229508196,0.39617486338797814,0.5546448087431693,9.950819672131148
baseline,Baseline (kein Head),B,label,A2V,genre,Rock music,1,367,0.3027526603528086,0.19618528610354224,0.4196185286103542,0.5340599455040872,38.8991825613079
baseline,Baseline (kein Head),B,label,A2V,seen_mean,,,,0.34369988996266176,0.20168911804682566,0.4980133027883955,0.6420999006651396,14.514967232258517
baseline,Baseline (kein Head),B,label,A2V,unseen_mean,,,,0.3994690244193612,0.23649637934714093,0.6264374661882144,0.7664467970002432,18.68747239221175
baseline,Baseline (kein Head),B,label,A2V,overall_mean,,,,0.3604306302996716,0.21213129643692025,0.5365405518083411,0.6794039695656706,15.766718780244485
untrained,Untrained Heads,A,pair,V2A,genre,Blues,1,367,0.0026838403626106865,0.0,0.0027247956403269754,0.0027247956403269754,1890.158038147139
untrained,Untrained Heads,A,pair,V2A,genre,Classical music,0,366,0.007493572550759241,0.00273224043715847,0.00546448087431694,0.01092896174863388,1894.1803278688524
untrained,Untrained Heads,A,pair,V2A,genre,Country,0,367,0.0013004829108331842,0.0,0.0,0.0,2110.1035422343325
untrained,Untrained Heads,A,pair,V2A,genre,Electronic music,1,367,0.0024989094553559636,0.0,0.0027247956403269754,0.0027247956403269754,1666.7465940054497
untrained,Untrained Heads,A,pair,V2A,genre,Funk,1,367,0.0010270663353781578,0.0,0.0,0.0,1958.5776566757493
untrained,Untrained Heads,A,pair,V2A,genre,Hip hop music,0,367,0.0013586056270779323,0.0,0.0,0.0,1857.4768392370572
untrained,Untrained Heads,A,pair,V2A,genre,Jazz,1,367,0.0012380580563867772,0.0,0.0,0.0,2116.4223433242505
untrained,Untrained Heads,A,pair,V2A,genre,Pop music,1,367,0.0016099823655931968,0.0,0.0,0.0,1882.8228882833787
untrained,Untrained Heads,A,pair,V2A,genre,Reggae,1,366,0.0009393129842733727,0.0,0.0,0.0,2102.1803278688526
untrained,Untrained Heads,A,pair,V2A,genre,Rock music,1,367,0.0019401490542771095,0.0,0.0,0.0,1506.1553133514985
untrained,Untrained Heads,A,pair,V2A,seen_mean,,,,0.001705331230553609,0.0,0.0007785130400934215,0.0007785130400934215,1874.7233088080454
untrained,Untrained Heads,A,pair,V2A,unseen_mean,,,,0.003384220362890119,0.0009107468123861566,0.0018214936247723133,0.0036429872495446266,1953.9202364467474
untrained,Untrained Heads,A,pair,V2A,overall_mean,,,,0.0022089979702545623,0.000273224043715847,0.001091407215497089,0.0016378553029287829,1898.4823870996563
untrained,Untrained Heads,A,pair,A2V,genre,Blues,1,367,0.004521935255048996,0.0027247956403269754,0.0027247956403269754,0.0027247956403269754,1626.9536784741144
untrained,Untrained Heads,A,pair,A2V,genre,Classical music,0,366,0.002358352328594688,0.0,0.00273224043715847,0.00273224043715847,1809.795081967213
untrained,Untrained Heads,A,pair,A2V,genre,Country,0,367,0.003302946701677249,0.0,0.0,0.005449591280653951,1411.1880108991825
untrained,Untrained Heads,A,pair,A2V,genre,Electronic music,1,367,0.0018364211342507555,0.0,0.0,0.0027247956403269754,1939.283378746594
untrained,Untrained Heads,A,pair,A2V,genre,Funk,1,367,0.0020786288354899068,0.0,0.0,0.005449591280653951,2119.1307901907358
untrained,Untrained Heads,A,pair,A2V,genre,Hip hop music,0,367,0.0014505517033739758,0.0,0.0027247956403269754,0.0027247956403269754,2275.7520435967303
untrained,Untrained Heads,A,pair,A2V,genre,Jazz,1,367,0.0016892249437462533,0.0,0.0,0.0,1646.400544959128
untrained,Untrained Heads,A,pair,A2V,genre,Pop music,1,367,0.0010034218877897508,0.0,0.0,0.0,2202.6730245231606
untrained,Untrained Heads,A,pair,A2V,genre,Reggae,1,366,0.0011702286561924697,0.0,0.0,0.0,2213.5273224043717
untrained,Untrained Heads,A,pair,A2V,genre,Rock music,1,367,0.004282926001354364,0.0027247956403269754,0.0027247956403269754,0.0027247956403269754,1494.8474114441417
untrained,Untrained Heads,A,pair,A2V,seen_mean,,,,0.0023689695305532136,0.0007785130400934215,0.0007785130400934215,0.001946282600233554,1891.8308786774637
untrained,Untrained Heads,A,pair,A2V,unseen_mean,,,,0.0023706169112153045,0.0,0.0018190120258284818,0.0036355424527131325,1832.2450454877087
untrained,Untrained Heads,A,pair,A2V,overall_mean,,,,0.0023694637447518405,0.0005449591280653951,0.0010906627358139398,0.0024530605559774273,1873.9551287205372
untrained,Untrained Heads,B,label,V2A,genre,Blues,1,367,0.19150153122411342,0.0326975476839237,0.34877384196185285,0.5422343324250681,14.577656675749319
untrained,Untrained Heads,B,label,V2A,genre,Classical music,0,366,0.7761681510656921,0.6584699453551912,0.9153005464480874,0.9781420765027322,2.4262295081967213
untrained,Untrained Heads,B,label,V2A,genre,Country,0,367,0.053922908914498295,0.0,0.02997275204359673,0.1226158038147139,31.607629427792915
untrained,Untrained Heads,B,label,V2A,genre,Electronic music,1,367,0.28223400372797147,0.10899182561307902,0.4986376021798365,0.7166212534059946,8.572207084468666
untrained,Untrained Heads,B,label,V2A,genre,Funk,1,367,0.05472806208739188,0.0,0.05722070844686648,0.14713896457765668,45.787465940054496
untrained,Untrained Heads,B,label,V2A,genre,Hip hop music,0,367,0.5012722744387176,0.3542234332425068,0.6566757493188011,0.8174386920980926,7.2888283378746594
untrained,Untrained Heads,B,label,V2A,genre,Jazz,1,367,0.11801809614124945,0.008174386920980926,0.15803814713896458,0.40054495912806537,14.258855585831062
untrained,Untrained Heads,B,label,V2A,genre,Pop music,1,367,0.08324044113478324,0.008174386920980926,0.07084468664850137,0.23160762942779292,20.490463215258856
untrained,Untrained Heads,B,label,V2A,genre,Reggae,1,366,0.027278016921314187,0.0,0.00546448087431694,0.0546448087431694,73.97814207650273
untrained,Untrained Heads,B,label,V2A,genre,Rock music,1,367,0.07699562591155822,0.010899182561307902,0.07084468664850137,0.15258855585831063,23.49591280653951
untrained,Untrained Heads,B,label,V2A,seen_mean,,,,0.11914225387834025,0.02413390424289607,0.17283202198554856,0.32076864336657973,28.73724334062923
untrained,Untrained Heads,B,label,V2A,unseen_mean,,,,0.443787778139636,0.33756445953256603,0.5339830159368284,0.6393988574718462,13.774229091288099
untrained,Untrained Heads,B,label,V2A,overall_mean,,,,0.21653591115672902,0.11816307082979707,0.28117732017093255,0.4163577075981597,24.24833906582689
untrained,Untrained Heads,B,label,A2V,genre,Blues,1,367,0.4723821981681498,0.2724795640326976,0.8065395095367848,0.9346049046321526,4.1961852861035425
untrained,Untrained Heads,B,label,A2V,genre,Classical music,0,366,0.5247222350827951,0.35792349726775957,0.7431693989071039,0.8852459016393442,5.423497267759563
untrained,Untrained Heads,B,label,A2V,genre,Country,0,367,0.15412072715416328,0.005449591280653951,0.25340599455040874,0.6811989100817438,9.779291553133515
untrained,Untrained Heads,B,label,A2V,genre,Electronic music,1,367,0.11536954077137844,0.013623978201634877,0.14713896457765668,0.37057220708446864,15.629427792915532
untrained,Untrained Heads,B,label,A2V,genre,Funk,1,367,0.11164891481507457,0.005449591280653951,0.10899182561307902,0.3760217983651226,12.64850136239782
untrained,Untrained Heads,B,label,A2V,genre,Hip hop music,0,367,0.12337238477060712,0.013623978201634877,0.19346049046321526,0.4359673024523161,16.092643051771116
untrained,Untrained Heads,B,label,A2V,genre,Jazz,1,367,0.28979250362955444,0.01907356948228883,0.7193460490463215,0.9264305177111717,4.991825613079019
untrained,Untrained Heads,B,label,A2V,genre,Pop music,1,367,0.12093668287093837,0.005449591280653951,0.23433242506811988,0.44686648501362397,18.78201634877384
untrained,Untrained Heads,B,label,A2V,genre,Reggae,1,366,0.10135585685615002,0.00273224043715847,0.1366120218579235,0.49453551912568305,23.47814207650273
untrained,Untrained Heads,B,label,A2V,genre,Rock music,1,367,0.44103677595507207,0.28337874659400547,0.6376021798365122,0.885558583106267,5.425068119891008
untrained,Untrained Heads,B,label,A2V,seen_mean,,,,0.23607463900947398,0.08602675447272759,0.3986518536480568,0.6335128592912128,12.1644523713805
untrained,Untrained Heads,B,label,A2V,unseen_mean,,,,0.2674051156691885,0.1256656889166828,0.39667862797357595,0.667470704724468,10.431810624221399
untrained,Untrained Heads,B,label,A2V,overall_mean,,,,0.24547378200738837,0.09791843480591415,0.3980598859457125,0.6437002129211893,11.64465984723277
pair,Pair-based Head,A,pair,V2A,genre,Blues,1,367,0.03796884189409535,0.01907356948228883,0.043596730245231606,0.05722070844686648,654.9318801089918
pair,Pair-based Head,A,pair,V2A,genre,Classical music,0,366,0.04853942547116829,0.01092896174863388,0.07377049180327869,0.10382513661202186,398.73224043715845
pair,Pair-based Head,A,pair,V2A,genre,Country,0,367,0.03406743932604766,0.005449591280653951,0.04087193460490463,0.09536784741144415,587.2343324250681
pair,Pair-based Head,A,pair,V2A,genre,Electronic music,1,367,0.016613796053834687,0.005449591280653951,0.01634877384196185,0.02997275204359673,843.9918256130791
pair,Pair-based Head,A,pair,V2A,genre,Funk,1,367,0.009074288901937509,0.0,0.0027247956403269754,0.01634877384196185,843.5531335149864
pair,Pair-based Head,A,pair,V2A,genre,Hip hop music,0,367,0.022307351195478494,0.005449591280653951,0.02997275204359673,0.043596730245231606,711.2479564032698
pair,Pair-based Head,A,pair,V2A,genre,Jazz,1,367,0.03470764796612409,0.008174386920980926,0.03814713896457766,0.07084468664850137,523.3596730245232
pair,Pair-based Head,A,pair,V2A,genre,Pop music,1,367,0.02290358866990855,0.005449591280653951,0.01907356948228883,0.05722070844686648,710.9564032697548
pair,Pair-based Head,A,pair,V2A,genre,Reggae,1,366,0.0194351515810705,0.00273224043715847,0.02459016393442623,0.04644808743169399,804.5546448087432
pair,Pair-based Head,A,pair,V2A,genre,Rock music,1,367,0.020678563811345196,0.005449591280653951,0.01907356948228883,0.03814713896457766,627.5013623978201
pair,Pair-based Head,A,pair,V2A,seen_mean,,,,0.023054554125473695,0.006618424383198582,0.02336496308444314,0.04517183654629494,715.5498461054141
pair,Pair-based Head,A,pair,V2A,unseen_mean,,,,0.034971405330898146,0.007276048103313927,0.04820505948392668,0.08092990475623255,565.7381764218321
pair,Pair-based Head,A,pair,V2A,overall_mean,,,,0.02662960948710103,0.006815711499233185,0.030816992004288203,0.05589925700927621,670.6063452003394
pair,Pair-based Head,A,pair,A2V,genre,Blues,1,367,0.02591434099184507,0.005449591280653951,0.02997275204359673,0.0681198910081744,646.1662125340599
pair,Pair-based Head,A,pair,A2V,genre,Classical music,0,366,0.0463155612195484,0.00819672131147541,0.060109289617486336,0.1284153005464481,388.44262295081967
pair,Pair-based Head,A,pair,A2V,genre,Country,0,367,0.04723638905378569,0.021798365122615803,0.05722070844686648,0.08174386920980926,571.8365122615804
pair,Pair-based Head,A,pair,A2V,genre,Electronic music,1,367,0.01582482038825163,0.0027247956403269754,0.021798365122615803,0.02997275204359673,834.0136239782016
pair,Pair-based Head,A,pair,A2V,genre,Funk,1,367,0.007939904604256328,0.0,0.0027247956403269754,0.005449591280653951,835.5013623978201
pair,Pair-based Head,A,pair,A2V,genre,Hip hop music,0,367,0.016411087781981176,0.0027247956403269754,0.01907356948228883,0.027247956403269755,721.6294277929155
pair,Pair-based Head,A,pair,A2V,genre,Jazz,1,367,0.02890024771865632,0.0027247956403269754,0.0326975476839237,0.08446866485013624,540.5803814713896
pair,Pair-based Head,A,pair,A2V,genre,Pop music,1,367,0.019132236147603305,0.0027247956403269754,0.027247956403269755,0.03814713896457766,736.7384196185286
pair,Pair-based Head,A,pair,A2V,genre,Reggae,1,366,0.011722654989887041,0.00273224043715847,0.00819672131147541,0.01366120218579235,815.6939890710382
pair,Pair-based Head,A,pair,A2V,genre,Rock music,1,367,0.026957843275455296,0.010899182561307902,0.027247956403269755,0.051771117166212535,615.2043596730246
pair,Pair-based Head,A,pair,A2V,seen_mean,,,,0.019484578302279287,0.003893628742871607,0.021412299229782588,0.04165576535702055,717.6997641062947
pair,Pair-based Head,A,pair,A2V,unseen_mean,,,,0.03665434601843842,0.010906627358139395,0.04546785584888055,0.07913570871984238,560.6361876684385
pair,Pair-based Head,A,pair,A2V,overall_mean,,,,0.024635508617127024,0.005997528327451944,0.028628966215511982,0.0528997483658671,670.5806911749379
pair,Pair-based Head,B,label,V2A,genre,Blues,1,367,0.382576702746462,0.2016348773841962,0.5940054495912807,0.773841961852861,8.455040871934605
pair,Pair-based Head,B,label,V2A,genre,Classical music,0,366,0.7836672881341173,0.6885245901639344,0.8934426229508197,0.9262295081967213,6.549180327868853
pair,Pair-based Head,B,label,V2A,genre,Country,0,367,0.42720836163386733,0.24250681198910082,0.6648501362397821,0.8446866485013624,7.029972752043597
pair,Pair-based Head,B,label,V2A,genre,Electronic music,1,367,0.47272912666239414,0.29155313351498635,0.7084468664850136,0.8337874659400545,7.427792915531335
pair,Pair-based Head,B,label,V2A,genre,Funk,1,367,0.30936495781571055,0.15258855585831063,0.47411444141689374,0.670299727520436,10.662125340599456
pair,Pair-based Head,B,label,V2A,genre,Hip hop music,0,367,0.569926879413629,0.4196185286103542,0.7493188010899182,0.8446866485013624,5.643051771117166
pair,Pair-based Head,B,label,V2A,genre,Jazz,1,367,0.4068388119035982,0.2506811989100817,0.5912806539509536,0.7438692098092643,8.550408719346049
pair,Pair-based Head,B,label,V2A,genre,Pop music,1,367,0.4748161111656733,0.29427792915531337,0.6566757493188011,0.8446866485013624,5.953678474114441
pair,Pair-based Head,B,label,V2A,genre,Reggae,1,366,0.5410518927762212,0.40710382513661203,0.7021857923497268,0.8360655737704918,7.76775956284153
pair,Pair-based Head,B,label,V2A,genre,Rock music,1,367,0.4784340124833138,0.3188010899182561,0.6811989100817438,0.8038147138964578,8.950953678474114
pair,Pair-based Head,B,label,V2A,seen_mean,,,,0.4379730879361962,0.27380580141110805,0.6297011233134876,0.7866236144701325,8.252537080405933
pair,Pair-based Head,B,label,V2A,unseen_mean,,,,0.5936008430605378,0.4502166435877965,0.76920385342684,0.8718676017331487,6.407401617009872
pair,Pair-based Head,B,label,V2A,overall_mean,,,,0.48466141447349875,0.3267290540641146,0.6715519423474934,0.8121968106490375,7.698996441387114
pair,Pair-based Head,B,label,A2V,genre,Blues,1,367,0.33208168480702893,0.16893732970027248,0.5204359673024523,0.7302452316076294,10.689373297002724
pair,Pair-based Head,B,label,A2V,genre,Classical music,0,366,0.6764124027457795,0.5573770491803278,0.8278688524590164,0.8825136612021858,6.1256830601092895
pair,Pair-based Head,B,label,A2V,genre,Country,0,367,0.5197271975291737,0.36239782016348776,0.7084468664850136,0.8310626702997275,8.713896457765667
pair,Pair-based Head,B,label,A2V,genre,Electronic music,1,367,0.49795286321274207,0.34877384196185285,0.670299727520436,0.7929155313351499,13.5858310626703
pair,Pair-based Head,B,label,A2V,genre,Funk,1,367,0.33864020393090183,0.18528610354223432,0.4904632152588556,0.6811989100817438,9.64850136239782
pair,Pair-based Head,B,label,A2V,genre,Hip hop music,0,367,0.46646024506900696,0.2888283378746594,0.6920980926430518,0.8119891008174387,9.220708446866485
pair,Pair-based Head,B,label,A2V,genre,Jazz,1,367,0.37337172525375834,0.22343324250681199,0.5258855585831063,0.7411444141689373,9.49591280653951
pair,Pair-based Head,B,label,A2V,genre,Pop music,1,367,0.3200766615192209,0.16893732970027248,0.46321525885558584,0.6485013623978202,13.85558583106267
pair,Pair-based Head,B,label,A2V,genre,Reggae,1,366,0.46051045494774745,0.31420765027322406,0.6475409836065574,0.7759562841530054,11.937158469945356
pair,Pair-based Head,B,label,A2V,genre,Rock music,1,367,0.5540334989782936,0.3760217983651226,0.7929155313351499,0.8773841961852861,5.997275204359673
pair,Pair-based Head,B,label,A2V,seen_mean,,,,0.41095244180709906,0.255085328007113,0.5872508917803062,0.7496208471327961,10.744234004854007
pair,Pair-based Head,B,label,A2V,unseen_mean,,,,0.5541999484479868,0.40286773573949164,0.7428046038623606,0.8418551441064507,8.020095988247148
pair,Pair-based Head,B,label,A2V,overall_mean,,,,0.4539266937993654,0.2994200503268266,0.6339170054049226,0.7772911362248924,9.92699259987195
genre,Genre-based Head,A,pair,V2A,genre,Blues,1,367,0.010564931635582387,0.0027247956403269754,0.010899182561307902,0.01907356948228883,965.258855585831
genre,Genre-based Head,A,pair,V2A,genre,Classical music,0,366,0.01426224810599185,0.00273224043715847,0.01092896174863388,0.02185792349726776,616.6147540983607
genre,Genre-based Head,A,pair,V2A,genre,Country,0,367,0.008041411214256574,0.0027247956403269754,0.0027247956403269754,0.008174386920980926,974.8746594005449
genre,Genre-based Head,A,pair,V2A,genre,Electronic music,1,367,0.012026363850634972,0.0027247956403269754,0.01634877384196185,0.01907356948228883,882.6239782016348
genre,Genre-based Head,A,pair,V2A,genre,Funk,1,367,0.005200806183100533,0.0,0.005449591280653951,0.010899182561307902,1081.2125340599455
genre,Genre-based Head,A,pair,V2A,genre,Hip hop music,0,367,0.012078165568259818,0.005449591280653951,0.010899182561307902,0.01907356948228883,993.2234332425068
genre,Genre-based Head,A,pair,V2A,genre,Jazz,1,367,0.007434019733418082,0.0,0.0027247956403269754,0.010899182561307902,864.4632152588556
genre,Genre-based Head,A,pair,V2A,genre,Pop music,1,367,0.014113105643262715,0.005449591280653951,0.01634877384196185,0.01907356948228883,1023.2043596730246
genre,Genre-based Head,A,pair,V2A,genre,Reggae,1,366,0.008770808464202837,0.0,0.01092896174863388,0.01912568306010929,992.6174863387978
genre,Genre-based Head,A,pair,V2A,genre,Rock music,1,367,0.014078899598570291,0.005449591280653951,0.013623978201634877,0.021798365122615803,896.4877384196185
genre,Genre-based Head,A,pair,V2A,seen_mean,,,,0.01031270501553883,0.0023355391202802647,0.0109034367309259,0.01713473167888677,957.9811667911011
genre,Genre-based Head,A,pair,V2A,unseen_mean,,,,0.011460608296169414,0.0036355424527131316,0.008184313316756252,0.016368626633512504,861.570948913804
genre,Genre-based Head,A,pair,V2A,overall_mean,,,,0.010657075999728005,0.0027255401200101245,0.010087699706675005,0.016904900165274492,929.058101427912
genre,Genre-based Head,A,pair,A2V,genre,Blues,1,367,0.009920004175739548,0.0027247956403269754,0.008174386920980926,0.01907356948228883,1029.359673024523
genre,Genre-based Head,A,pair,A2V,genre,Classical music,0,366,0.012592945229804078,0.00273224043715847,0.01092896174863388,0.01912568306010929,683.188524590164
genre,Genre-based Head,A,pair,A2V,genre,Country,0,367,0.009211047190535998,0.0027247956403269754,0.0027247956403269754,0.010899182561307902,1018.1389645776567
genre,Genre-based Head,A,pair,A2V,genre,Electronic music,1,367,0.010019212994393664,0.0027247956403269754,0.008174386920980926,0.008174386920980926,794.0136239782016
genre,Genre-based Head,A,pair,A2V,genre,Funk,1,367,0.005463551213588384,0.0,0.005449591280653951,0.008174386920980926,1047.5367847411444
genre,Genre-based Head,A,pair,A2V,genre,Hip hop music,0,367,0.004076286136870599,0.0,0.0,0.0027247956403269754,817.2970027247957
genre,Genre-based Head,A,pair,A2V,genre,Jazz,1,367,0.019238468075875835,0.008174386920980926,0.01907356948228883,0.027247956403269755,907.5994550408719
genre,Genre-based Head,A,pair,A2V,genre,Pop music,1,367,0.006369646715740899,0.0,0.0027247956403269754,0.008174386920980926,935.3651226158038
genre,Genre-based Head,A,pair,A2V,genre,Reggae,1,366,0.015555026672693567,0.00546448087431694,0.01912568306010929,0.0273224043715847,827.2185792349727
genre,Genre-based Head,A,pair,A2V,genre,Rock music,1,367,0.014878844489412266,0.0027247956403269754,0.013623978201634877,0.0326975476839237,952.8147138964578
genre,Genre-based Head,A,pair,A2V,seen_mean,,,,0.011634964905349167,0.0031161792451826842,0.010906627358139397,0.01869494838628711,927.7011360759965
genre,Genre-based Head,A,pair,A2V,unseen_mean,,,,0.008626759519070226,0.0018190120258284818,0.004551252462986952,0.010916553753914723,839.5414972975387
genre,Genre-based Head,A,pair,A2V,overall_mean,,,,0.010732503289465484,0.0027270290793764236,0.009000014889593663,0.016361429996575395,901.2532444424593
genre,Genre-based Head,B,label,V2A,genre,Blues,1,367,0.32957305349122645,0.16893732970027248,0.5122615803814714,0.6866485013623979,11.283378746594005
genre,Genre-based Head,B,label,V2A,genre,Classical music,0,366,0.8643365508652431,0.8142076502732241,0.9234972677595629,0.9426229508196722,4.352459016393443
genre,Genre-based Head,B,label,V2A,genre,Country,0,367,0.37001087040902964,0.20435967302452315,0.6021798365122616,0.7084468664850136,17.78201634877384
genre,Genre-based Head,B,label,V2A,genre,Electronic music,1,367,0.6493696358625834,0.547683923705722,0.776566757493188,0.8419618528610354,12.790190735694823
genre,Genre-based Head,B,label,V2A,genre,Funk,1,367,0.2343235543477659,0.10899182561307902,0.34332425068119893,0.5177111716621253,21.651226158038146
genre,Genre-based Head,B,label,V2A,genre,Hip hop music,0,367,0.3437742130229817,0.17166212534059946,0.5449591280653951,0.7411444141689373,11.53133514986376
genre,Genre-based Head,B,label,V2A,genre,Jazz,1,367,0.24634846020502543,0.07629427792915532,0.4359673024523161,0.6920980926430518,11.912806539509537
genre,Genre-based Head,B,label,V2A,genre,Pop music,1,367,0.5489875052546956,0.444141689373297,0.6839237057220708,0.7656675749318801,10.869209809264305
genre,Genre-based Head,B,label,V2A,genre,Reggae,1,366,0.5004989080076783,0.40437158469945356,0.6038251366120219,0.674863387978142,19.434426229508198
genre,Genre-based Head,B,label,V2A,genre,Rock music,1,367,0.48646686469836325,0.3787465940054496,0.6130790190735694,0.7057220708446866,23.55858310626703
genre,Genre-based Head,B,label,V2A,seen_mean,,,,0.42793828312390547,0.30416674643234703,0.5669925360594051,0.6978103788976169,15.928545903553722
genre,Genre-based Head,B,label,V2A,unseen_mean,,,,0.5260405447657515,0.39674314954611556,0.6902120774457399,0.797404743824541,11.22193683834368
genre,Genre-based Head,B,label,V2A,overall_mean,,,,0.4573689616164593,0.3319396673664776,0.6039583984753056,0.7276886883756941,14.516563183990709
genre,Genre-based Head,B,label,A2V,genre,Blues,1,367,0.3745581360494349,0.2506811989100817,0.5013623978201635,0.6130790190735694,16.667574931880107
genre,Genre-based Head,B,label,A2V,genre,Classical music,0,366,0.3138208178446218,0.10382513661202186,0.6120218579234973,0.7486338797814208,16.702185792349727
genre,Genre-based Head,B,label,A2V,genre,Country,0,367,0.3051934523042735,0.14713896457765668,0.5122615803814714,0.6321525885558583,23.86376021798365
genre,Genre-based Head,B,label,A2V,genre,Electronic music,1,367,0.554944793124616,0.44686648501362397,0.6811989100817438,0.7547683923705722,18.482288828337875
genre,Genre-based Head,B,label,A2V,genre,Funk,1,367,0.21564534797875848,0.1008174386920981,0.2779291553133515,0.49318801089918257,18.708446866485012
genre,Genre-based Head,B,label,A2V,genre,Hip hop music,0,367,0.31459706842666035,0.1553133514986376,0.4713896457765668,0.7057220708446866,17.94550408719346
genre,Genre-based Head,B,label,A2V,genre,Jazz,1,367,0.393135854818816,0.2888283378746594,0.47411444141689374,0.6321525885558583,14.029972752043596
genre,Genre-based Head,B,label,A2V,genre,Pop music,1,367,0.2933719702164528,0.1989100817438692,0.37329700272479566,0.45231607629427795,31.697547683923705
genre,Genre-based Head,B,label,A2V,genre,Reggae,1,366,0.6535652779137597,0.5163934426229508,0.8087431693989071,0.860655737704918,11.650273224043715
genre,Genre-based Head,B,label,A2V,genre,Rock music,1,367,0.5944202968461944,0.4822888283378747,0.7411444141689373,0.7983651226158038,11.163487738419619
genre,Genre-based Head,B,label,A2V,seen_mean,,,,0.43994881099257604,0.32639797331359394,0.5511127844178275,0.6577892782163118,17.485656003590517
genre,Genre-based Head,B,label,A2V,unseen_mean,,,,0.31120377952518524,0.13542581756277206,0.5318910280271785,0.6955028463939886,19.503816699175612
genre,Genre-based Head,B,label,A2V,overall_mean,,,,0.40132530155235885,0.26910632658834743,0.5453462575006328,0.669103348669615,18.091104212266046
audio_encoder_pair,Audio-Encoder Pair,A,pair,V2A,genre,Blues,1,367,0.03084041919907332,0.005449591280653951,0.0326975476839237,0.07629427792915532,589.6267029972752
audio_encoder_pair,Audio-Encoder Pair,A,pair,V2A,genre,Classical music,0,366,0.07486443045777547,0.01912568306010929,0.1092896174863388,0.16120218579234974,354.45628415300547
audio_encoder_pair,Audio-Encoder Pair,A,pair,V2A,genre,Country,0,367,0.05225704302034159,0.01634877384196185,0.07901907356948229,0.11171662125340599,508.35967302452315
audio_encoder_pair,Audio-Encoder Pair,A,pair,V2A,genre,Electronic music,1,367,0.028446120093537593,0.010899182561307902,0.0326975476839237,0.05449591280653951,702.3978201634877
audio_encoder_pair,Audio-Encoder Pair,A,pair,V2A,genre,Funk,1,367,0.017754989041281016,0.005449591280653951,0.01907356948228883,0.02997275204359673,770.9373297002725
audio_encoder_pair,Audio-Encoder Pair,A,pair,V2A,genre,Hip hop music,0,367,0.019282463099851144,0.005449591280653951,0.01907356948228883,0.035422343324250684,687.9591280653951
audio_encoder_pair,Audio-Encoder Pair,A,pair,V2A,genre,Jazz,1,367,0.06397494772008322,0.027247956403269755,0.08719346049046321,0.1335149863760218,464.2615803814714
audio_encoder_pair,Audio-Encoder Pair,A,pair,V2A,genre,Pop music,1,367,0.03275074501545441,0.005449591280653951,0.051771117166212535,0.07629427792915532,633.5367847411444
audio_encoder_pair,Audio-Encoder Pair,A,pair,V2A,genre,Reggae,1,366,0.025806940802161858,0.01366120218579235,0.02459016393442623,0.03825136612021858,707.8989071038251
audio_encoder_pair,Audio-Encoder Pair,A,pair,V2A,genre,Rock music,1,367,0.040264489020622074,0.01634877384196185,0.051771117166212535,0.08174386920980926,537.534059945504
audio_encoder_pair,Audio-Encoder Pair,A,pair,V2A,seen_mean,,,,0.03426266441317336,0.01207226983347053,0.04282778908677868,0.07008106320207093,629.4561692904257
audio_encoder_pair,Audio-Encoder Pair,A,pair,V2A,unseen_mean,,,,0.04880131219265607,0.013641349394241697,0.06912742017936997,0.1027803834566688,516.9250284143079
audio_encoder_pair,Audio-Encoder Pair,A,pair,V2A,overall_mean,,,,0.03862425874701817,0.01254299370170188,0.050717678414556065,0.07989085927845029,595.6968270275904
audio_encoder_pair,Audio-Encoder Pair,A,pair,A2V,genre,Blues,1,367,0.04047633380533388,0.01634877384196185,0.051771117166212535,0.08174386920980926,615.8555858310626
audio_encoder_pair,Audio-Encoder Pair,A,pair,A2V,genre,Classical music,0,366,0.07666996374191719,0.0273224043715847,0.09016393442622951,0.16666666666666666,340.7021857923497
audio_encoder_pair,Audio-Encoder Pair,A,pair,A2V,genre,Country,0,367,0.0639943662552788,0.035422343324250684,0.0653950953678474,0.10899182561307902,522.716621253406
audio_encoder_pair,Audio-Encoder Pair,A,pair,A2V,genre,Electronic music,1,367,0.025597772688421876,0.005449591280653951,0.02997275204359673,0.06267029972752043,669.1961852861035
audio_encoder_pair,Audio-Encoder Pair,A,pair,A2V,genre,Funk,1,367,0.016047460070692052,0.005449591280653951,0.013623978201634877,0.02452316076294278,772.3841961852861
audio_encoder_pair,Audio-Encoder Pair,A,pair,A2V,genre,Hip hop music,0,367,0.015387882404851075,0.0027247956403269754,0.010899182561307902,0.02452316076294278,684.0354223433243
audio_encoder_pair,Audio-Encoder Pair,A,pair,A2V,genre,Jazz,1,367,0.052174732255072145,0.01634877384196185,0.07356948228882834,0.10626702997275204,463.6021798365123
audio_encoder_pair,Audio-Encoder Pair,A,pair,A2V,genre,Pop music,1,367,0.030305568187641165,0.010899182561307902,0.03814713896457766,0.05994550408719346,636.566757493188
audio_encoder_pair,Audio-Encoder Pair,A,pair,A2V,genre,Reggae,1,366,0.01861337821668922,0.00546448087431694,0.02185792349726776,0.0273224043715847,722.9153005464481
audio_encoder_pair,Audio-Encoder Pair,A,pair,A2V,genre,Rock music,1,367,0.03559053487737744,0.010899182561307902,0.043596730245231606,0.0653950953678474,550.9346049046321
audio_encoder_pair,Audio-Encoder Pair,A,pair,A2V,seen_mean,,,,0.03125796858588968,0.01012279660602348,0.03893416034390707,0.06112390907137858,633.0649728690332
audio_encoder_pair,Audio-Encoder Pair,A,pair,A2V,unseen_mean,,,,0.05201740413401568,0.021823181112054117,0.05548607078512827,0.1000605510142295,515.8180764630266
audio_encoder_pair,Audio-Encoder Pair,A,pair,A2V,overall_mean,,,,0.03748579925032748,0.013632911957832672,0.043899733476273434,0.07280490165423385,597.8909039472312
audio_encoder_pair,Audio-Encoder Pair,B,label,V2A,genre,Blues,1,367,0.38964776977721294,0.2098092643051771,0.6103542234332425,0.779291553133515,8.66757493188011
audio_encoder_pair,Audio-Encoder Pair,B,label,V2A,genre,Classical music,0,366,0.7536106650571842,0.6584699453551912,0.8797814207650273,0.9043715846994536,8.21584699453552
audio_encoder_pair,Audio-Encoder Pair,B,label,V2A,genre,Country,0,367,0.4494943467250221,0.2615803814713896,0.7057220708446866,0.8256130790190735,7.776566757493188
audio_encoder_pair,Audio-Encoder Pair,B,label,V2A,genre,Electronic music,1,367,0.47853320119930065,0.28337874659400547,0.7602179836512262,0.8610354223433242,6.629427792915531
audio_encoder_pair,Audio-Encoder Pair,B,label,V2A,genre,Funk,1,367,0.3385438645739788,0.17438692098092642,0.5122615803814714,0.7166212534059946,10.201634877384196
audio_encoder_pair,Audio-Encoder Pair,B,label,V2A,genre,Hip hop music,0,367,0.5283718803479502,0.3542234332425068,0.779291553133515,0.8610354223433242,5.435967302452316
audio_encoder_pair,Audio-Encoder Pair,B,label,V2A,genre,Jazz,1,367,0.4493893634279465,0.29427792915531337,0.6239782016348774,0.771117166212534,7.237057220708447
audio_encoder_pair,Audio-Encoder Pair,B,label,V2A,genre,Pop music,1,367,0.44674568868420694,0.2779291553133515,0.6457765667574932,0.8446866485013624,6.1880108991825615
audio_encoder_pair,Audio-Encoder Pair,B,label,V2A,genre,Reggae,1,366,0.5123187606352712,0.36885245901639346,0.680327868852459,0.7923497267759563,9.117486338797814
audio_encoder_pair,Audio-Encoder Pair,B,label,V2A,genre,Rock music,1,367,0.5022139094859261,0.329700272479564,0.7002724795640327,0.8174386920980926,10.1716621253406
audio_encoder_pair,Audio-Encoder Pair,B,label,V2A,seen_mean,,,,0.4453417939691204,0.2769049639778188,0.6475984148964004,0.7975057803529684,8.316122026601322
audio_encoder_pair,Audio-Encoder Pair,B,label,V2A,unseen_mean,,,,0.5771589640433855,0.4247579200230292,0.7882650149144096,0.8636733620206171,7.142793684827008
audio_encoder_pair,Audio-Encoder Pair,B,label,V2A,overall_mean,,,,0.4848869449913999,0.3212608507913819,0.6897983949018032,0.8173560548532631,7.964123524069028
audio_encoder_pair,Audio-Encoder Pair,B,label,A2V,genre,Blues,1,367,0.3754209106114784,0.2016348773841962,0.6021798365122616,0.7465940054495913,10.021798365122615
audio_encoder_pair,Audio-Encoder Pair,B,label,A2V,genre,Classical music,0,366,0.7235842251048559,0.6229508196721312,0.855191256830601,0.9016393442622951,8.060109289617486
audio_encoder_pair,Audio-Encoder Pair,B,label,A2V,genre,Country,0,367,0.5369255519864338,0.39509536784741145,0.6920980926430518,0.8201634877384196,8.201634877384196
audio_encoder_pair,Audio-Encoder Pair,B,label,A2V,genre,Electronic music,1,367,0.5351686099155014,0.38419618528610355,0.7084468664850136,0.8174386920980926,12.634877384196185
audio_encoder_pair,Audio-Encoder Pair,B,label,A2V,genre,Funk,1,367,0.3436815955922849,0.19346049046321526,0.49318801089918257,0.7111716621253406,9.746594005449591
audio_encoder_pair,Audio-Encoder Pair,B,label,A2V,genre,Hip hop music,0,367,0.4627100893893112,0.26975476839237056,0.7247956403269755,0.8147138964577657,13.264305177111716
audio_encoder_pair,Audio-Encoder Pair,B,label,A2V,genre,Jazz,1,367,0.41854661516381214,0.26430517711171664,0.5967302452316077,0.7438692098092643,9.40599455040872
audio_encoder_pair,Audio-Encoder Pair,B,label,A2V,genre,Pop music,1,367,0.3982362127108008,0.2561307901907357,0.55858310626703,0.7057220708446866,12.193460490463215
audio_encoder_pair,Audio-Encoder Pair,B,label,A2V,genre,Reggae,1,366,0.46212463328979225,0.3224043715846995,0.6147540983606558,0.7759562841530054,10.90983606557377
audio_encoder_pair,Audio-Encoder Pair,B,label,A2V,genre,Rock music,1,367,0.5456661211414047,0.3787465940054496,0.7574931880108992,0.8474114441416893,7.32425068119891
audio_encoder_pair,Audio-Encoder Pair,B,label,A2V,seen_mean,,,,0.43983495691786784,0.2858397837180166,0.6187679073952357,0.7640233383745242,10.319544506059001
audio_encoder_pair,Audio-Encoder Pair,B,label,A2V,unseen_mean,,,,0.5744066221602003,0.429266985303971,0.7573616632668762,0.8455055761528268,9.842016448037798
audio_encoder_pair,Audio-Encoder Pair,B,label,A2V,overall_mean,,,,0.4802064564905676,0.328867944193803,0.6603460341567279,0.788468009708015,10.17628608865264
audio_encoder_genre,Audio-Encoder Genre,A,pair,V2A,genre,Blues,1,367,0.014258472115040619,0.005449591280653951,0.01634877384196185,0.027247956403269755,920.4305177111717
audio_encoder_genre,Audio-Encoder Genre,A,pair,V2A,genre,Classical music,0,366,0.015696936845195957,0.00273224043715847,0.02185792349726776,0.0273224043715847,702.879781420765
audio_encoder_genre,Audio-Encoder Genre,A,pair,V2A,genre,Country,0,367,0.009311139708448875,0.0027247956403269754,0.005449591280653951,0.008174386920980926,911.7465940054495
audio_encoder_genre,Audio-Encoder Genre,A,pair,V2A,genre,Electronic music,1,367,0.009248618617360267,0.0,0.005449591280653951,0.013623978201634877,744.1634877384196
audio_encoder_genre,Audio-Encoder Genre,A,pair,V2A,genre,Funk,1,367,0.005920402498714524,0.0,0.0027247956403269754,0.013623978201634877,1125.6239782016348
audio_encoder_genre,Audio-Encoder Genre,A,pair,V2A,genre,Hip hop music,0,367,0.010727457582289986,0.005449591280653951,0.008174386920980926,0.013623978201634877,1018.1280653950954
audio_encoder_genre,Audio-Encoder Genre,A,pair,V2A,genre,Jazz,1,367,0.012587487734174611,0.0,0.010899182561307902,0.0326975476839237,857.866485013624
audio_encoder_genre,Audio-Encoder Genre,A,pair,V2A,genre,Pop music,1,367,0.012136795144780376,0.0027247956403269754,0.013623978201634877,0.01907356948228883,967.574931880109
audio_encoder_genre,Audio-Encoder Genre,A,pair,V2A,genre,Reggae,1,366,0.0101020154751666,0.0,0.01366120218579235,0.02185792349726776,957.2158469945355
audio_encoder_genre,Audio-Encoder Genre,A,pair,V2A,genre,Rock music,1,367,0.01768726830301633,0.0027247956403269754,0.021798365122615803,0.03814713896457766,807.158038147139
audio_encoder_genre,Audio-Encoder Genre,A,pair,V2A,seen_mean,,,,0.011705865698321905,0.001557026080186843,0.012072269833470529,0.023753156062085355,911.433326526662
audio_encoder_genre,Audio-Encoder Genre,A,pair,V2A,unseen_mean,,,,0.011911844711978273,0.0036355424527131316,0.01182730056630088,0.01637358983140017,877.5848136071032
audio_encoder_genre,Audio-Encoder Genre,A,pair,V2A,overall_mean,,,,0.011767659402418815,0.00218058099194473,0.011998779053319633,0.0215392861928798,901.2787726507944
audio_encoder_genre,Audio-Encoder Genre,A,pair,A2V,genre,Blues,1,367,0.006286913307197524,0.0,0.008174386920980926,0.008174386920980926,962.5367847411444
audio_encoder_genre,Audio-Encoder Genre,A,pair,A2V,genre,Classical music,0,366,0.012873486715751451,0.0,0.01639344262295082,0.02185792349726776,634.9071038251366
audio_encoder_genre,Audio-Encoder Genre,A,pair,A2V,genre,Country,0,367,0.009027990042499824,0.0027247956403269754,0.005449591280653951,0.008174386920980926,895.692098092643
audio_encoder_genre,Audio-Encoder Genre,A,pair,A2V,genre,Electronic music,1,367,0.007438715761884905,0.0,0.0027247956403269754,0.010899182561307902,886.6730245231607
audio_encoder_genre,Audio-Encoder Genre,A,pair,A2V,genre,Funk,1,367,0.006104474958816561,0.0,0.008174386920980926,0.010899182561307902,1026.6130790190737
audio_encoder_genre,Audio-Encoder Genre,A,pair,A2V,genre,Hip hop music,0,367,0.0036644918707173825,0.0,0.0027247956403269754,0.0027247956403269754,973.4741144414169
audio_encoder_genre,Audio-Encoder Genre,A,pair,A2V,genre,Jazz,1,367,0.0163234424637785,0.005449591280653951,0.013623978201634877,0.027247956403269755,816.716621253406
audio_encoder_genre,Audio-Encoder Genre,A,pair,A2V,genre,Pop music,1,367,0.009551348079178403,0.0,0.013623978201634877,0.02452316076294278,979.1798365122615
audio_encoder_genre,Audio-Encoder Genre,A,pair,A2V,genre,Reggae,1,366,0.012817656886470555,0.00273224043715847,0.00819672131147541,0.01639344262295082,925.8633879781421
audio_encoder_genre,Audio-Encoder Genre,A,pair,A2V,genre,Rock music,1,367,0.007694556983329905,0.0,0.0027247956403269754,0.010899182561307902,920.3024523160763
audio_encoder_genre,Audio-Encoder Genre,A,pair,A2V,seen_mean,,,,0.009459586920093762,0.0011688331025446316,0.008177577548194424,0.015576642056295427,931.1264551918949
audio_encoder_genre,Audio-Encoder Genre,A,pair,A2V,unseen_mean,,,,0.008521989542989553,0.0009082652134423251,0.008189276514643915,0.010919035352858554,834.6911054530656
audio_encoder_genre,Audio-Encoder Genre,A,pair,A2V,overall_mean,,,,0.009178307706962499,0.0010906627358139398,0.008181087238129272,0.014179360045264367,902.1958502702462
audio_encoder_genre,Audio-Encoder Genre,B,label,V2A,genre,Blues,1,367,0.3732357646382929,0.1880108991825613,0.5994550408719346,0.6784741144414169,14.596730245231608
audio_encoder_genre,Audio-Encoder Genre,B,label,V2A,genre,Classical music,0,366,0.6357355452808457,0.5,0.8114754098360656,0.8688524590163934,12.412568306010929
audio_encoder_genre,Audio-Encoder Genre,B,label,V2A,genre,Country,0,367,0.3799754050212159,0.21798365122615804,0.6076294277929155,0.7247956403269755,13.689373297002724
audio_encoder_genre,Audio-Encoder Genre,B,label,V2A,genre,Electronic music,1,367,0.6858386626517018,0.5504087193460491,0.8692098092643051,0.896457765667575,9.095367847411444
audio_encoder_genre,Audio-Encoder Genre,B,label,V2A,genre,Funk,1,367,0.26792075819696454,0.1307901907356948,0.3896457765667575,0.5286103542234333,20.182561307901906
audio_encoder_genre,Audio-Encoder Genre,B,label,V2A,genre,Hip hop music,0,367,0.30441841648700085,0.15258855585831063,0.4822888283378747,0.6457765667574932,14.217983651226158
audio_encoder_genre,Audio-Encoder Genre,B,label,V2A,genre,Jazz,1,367,0.28142759072948514,0.11716621253405994,0.4822888283378747,0.6648501362397821,12.4141689373297
audio_encoder_genre,Audio-Encoder Genre,B,label,V2A,genre,Pop music,1,367,0.4558107280978612,0.29427792915531337,0.6294277929155313,0.7247956403269755,16.17983651226158
audio_encoder_genre,Audio-Encoder Genre,B,label,V2A,genre,Reggae,1,366,0.5677556995026796,0.453551912568306,0.6939890710382514,0.7377049180327869,20.0
audio_encoder_genre,Audio-Encoder Genre,B,label,V2A,genre,Rock music,1,367,0.643476195527323,0.5367847411444142,0.779291553133515,0.8256130790190735,12.795640326975477
audio_encoder_genre,Audio-Encoder Genre,B,label,V2A,seen_mean,,,,0.4679236284777583,0.324427229238057,0.6347582674468814,0.7223580011358633,15.037757882444529
audio_encoder_genre,Audio-Encoder Genre,B,label,V2A,unseen_mean,,,,0.4400431222630208,0.2901907356948229,0.6337978886556187,0.7464748887002873,13.439975084746605
audio_encoder_genre,Audio-Encoder Genre,B,label,V2A,overall_mean,,,,0.459559476613337,0.31415628117508676,0.6344701538095024,0.7295930674051905,14.55842304313515
audio_encoder_genre,Audio-Encoder Genre,B,label,A2V,genre,Blues,1,367,0.286961152602006,0.17166212534059946,0.4032697547683924,0.4986376021798365,29.13351498637602
audio_encoder_genre,Audio-Encoder Genre,B,label,A2V,genre,Classical music,0,366,0.427324333197674,0.16939890710382513,0.8306010928961749,0.907103825136612,8.12568306010929
audio_encoder_genre,Audio-Encoder Genre,B,label,A2V,genre,Country,0,367,0.29545984370377515,0.1444141689373297,0.4659400544959128,0.6321525885558583,24.28882833787466
audio_encoder_genre,Audio-Encoder Genre,B,label,A2V,genre,Electronic music,1,367,0.46535021594195464,0.23160762942779292,0.7220708446866485,0.7547683923705722,32.9700272479564
audio_encoder_genre,Audio-Encoder Genre,B,label,A2V,genre,Funk,1,367,0.3755767722558136,0.2615803814713896,0.5040871934604905,0.6403269754768393,17.438692098092645
audio_encoder_genre,Audio-Encoder Genre,B,label,A2V,genre,Hip hop music,0,367,0.30350792200515986,0.1880108991825613,0.4032697547683924,0.5395095367847411,31.33514986376022
audio_encoder_genre,Audio-Encoder Genre,B,label,A2V,genre,Jazz,1,367,0.555809065798942,0.4822888283378747,0.6158038147138964,0.7029972752043597,13.632152588555858
audio_encoder_genre,Audio-Encoder Genre,B,label,A2V,genre,Pop music,1,367,0.2645675980660288,0.16076294277929154,0.37057220708446864,0.4550408719346049,41.58038147138964
audio_encoder_genre,Audio-Encoder Genre,B,label,A2V,genre,Reggae,1,366,0.6379024346149115,0.5546448087431693,0.7240437158469946,0.7622950819672131,19.24863387978142
audio_encoder_genre,Audio-Encoder Genre,B,label,A2V,genre,Rock music,1,367,0.5770698197278287,0.4904632152588556,0.6648501362397821,0.7547683923705722,15.168937329700272
audio_encoder_genre,Audio-Encoder Genre,B,label,A2V,seen_mean,,,,0.45189100842964075,0.3361442759084248,0.5720996666858105,0.6526906559291425,24.167477085978895
audio_encoder_genre,Audio-Encoder Genre,B,label,A2V,unseen_mean,,,,0.34209736630220294,0.16727465840790537,0.5666036340534933,0.6929219834924037,21.249887087248055
audio_encoder_genre,Audio-Encoder Genre,B,label,A2V,overall_mean,,,,0.41895291579140936,0.285483390658269,0.5704508568961153,0.6647600541981208,23.292200086359642
